subject_id	subject_label	predicate_id	object_id	object_label	confidence	mapping_justification	date	creator_id	subject_source_version	object_source_version
CO_337:0000046	Biomass	skos:exactMatch	TO:0000457	biomass yield	1	sssom:HumanCuration	07/03/2023	orcid:0000-0002-6379-8932|orcid:0000-0002-8461-9745	https://raw.githubusercontent.com/Planteome/CO_337-groundnut-traits/6ca78690a094e3e70b42b42836848698217f77aa/Groundnut_TD.csv	http://purl.obolibrary.org/obo/to/releases/2018-03-09/to.owl
CO_337:0000039	Canopy height	skos:exactMatch	TO:0000207	plant height	1	sssom:HumanCuration	07/03/2023	orcid:0000-0002-6379-8932|orcid:0000-0002-8461-9745	https://raw.githubusercontent.com/Planteome/CO_337-groundnut-traits/6ca78690a094e3e70b42b42836848698217f77aa/Groundnut_TD.csv	http://purl.obolibrary.org/obo/to/releases/2018-03-09/to.owl
CO_337:0000040	Canopy width	skos:exactMatch	TO:0006062	plant width	1	sssom:HumanCuration	07/03/2023	orcid:0000-0002-6379-8932|orcid:0000-0002-8461-9745	https://raw.githubusercontent.com/Planteome/CO_337-groundnut-traits/6ca78690a094e3e70b42b42836848698217f77aa/Groundnut_TD.csv	http://purl.obolibrary.org/obo/to/releases/2018-03-09/to.owl
CO_337:0000001	Emergence time	skos:exactMatch	TO:0006061	days to germinate	1	sssom:HumanCuration	07/03/2023	orcid:0000-0002-6379-8932|orcid:0000-0002-8461-9745	https://raw.githubusercontent.com/Planteome/CO_337-groundnut-traits/6ca78690a094e3e70b42b42836848698217f77aa/Groundnut_TD.csv	http://purl.obolibrary.org/obo/to/releases/2018-03-09/to.owl
CO_337:0000002	Flowering time	skos:exactMatch	TO:0002616	flowering time trait	1	sssom:HumanCuration	07/03/2023	orcid:0000-0002-6379-8932|orcid:0000-0002-8461-9745	https://raw.githubusercontent.com/Planteome/CO_337-groundnut-traits/6ca78690a094e3e70b42b42836848698217f77aa/Groundnut_TD.csv	http://purl.obolibrary.org/obo/to/releases/2018-03-09/to.owl
CO_337:0000069	Fresh seed dormancy	skos:exactMatch	TO:0000253 	seed dormancy	1	sssom:HumanCuration	07/03/2023	orcid:0000-0002-6379-8932|orcid:0000-0002-8461-9745	https://raw.githubusercontent.com/Planteome/CO_337-groundnut-traits/6ca78690a094e3e70b42b42836848698217f77aa/Groundnut_TD.csv	http://purl.obolibrary.org/obo/to/releases/2018-03-09/to.owl
CO_337:0000004	Harvest time	skos:exactMatch	TO:0000469	days to maturity	1	sssom:HumanCuration	07/03/2023	orcid:0000-0002-6379-8932|orcid:0000-0002-8461-9745	https://raw.githubusercontent.com/Planteome/CO_337-groundnut-traits/6ca78690a094e3e70b42b42836848698217f77aa/Groundnut_TD.csv	http://purl.obolibrary.org/obo/to/releases/2018-03-09/to.owl
CO_337:0000059	Harvest index	skos:exactMatch	TO:0000897	seed harvest index	1	sssom:HumanCuration	07/03/2023	orcid:0000-0002-6379-8932|orcid:0000-0002-8461-9745	https://raw.githubusercontent.com/Planteome/CO_337-groundnut-traits/6ca78690a094e3e70b42b42836848698217f77aa/Groundnut_TD.csv	http://purl.obolibrary.org/obo/to/releases/2018-03-09/to.owl
CO_337:0000245	Plant branch number	skos:exactMatch	TO:0020020	primary shoot branch number	1	sssom:HumanCuration	07/03/2023	orcid:0000-0002-6379-8932|orcid:0000-0002-8461-9745	https://raw.githubusercontent.com/Planteome/CO_337-groundnut-traits/6ca78690a094e3e70b42b42836848698217f77aa/Groundnut_TD.csv	http://purl.obolibrary.org/obo/to/releases/2018-03-09/to.owl
CO_337:0000051	Plant leaf weight	skos:exactMatch	TO:0000870	leaf yield trait	1	sssom:HumanCuration	07/03/2023	orcid:0000-0002-6379-8932|orcid:0000-0002-8461-9745	https://raw.githubusercontent.com/Planteome/CO_337-groundnut-traits/6ca78690a094e3e70b42b42836848698217f77aa/Groundnut_TD.csv	http://purl.obolibrary.org/obo/to/releases/2018-03-09/to.owl
CO_337:0000052	Plant pod number	skos:exactMatch	TO:0001125	pod number trait	1	sssom:HumanCuration	07/03/2023	orcid:0000-0002-6379-8932|orcid:0000-0002-8461-9745	https://raw.githubusercontent.com/Planteome/CO_337-groundnut-traits/6ca78690a094e3e70b42b42836848698217f77aa/Groundnut_TD.csv	http://purl.obolibrary.org/obo/to/releases/2018-03-09/to.owl
CO_337:0000053	Plant pod weight	skos:exactMatch	TO:0001092	legume fruit weight	1	sssom:HumanCuration	07/03/2023	orcid:0000-0002-6379-8932|orcid:0000-0002-8461-9745	https://raw.githubusercontent.com/Planteome/CO_337-groundnut-traits/6ca78690a094e3e70b42b42836848698217f77aa/Groundnut_TD.csv	http://purl.obolibrary.org/obo/to/releases/2018-03-09/to.owl
CO_337:0000248	Plant seed number	skos:exactMatch	TO:0000445	fruit seed number	1	sssom:HumanCuration	07/03/2023	orcid:0000-0002-6379-8932|orcid:0000-0002-8461-9745	https://raw.githubusercontent.com/Planteome/CO_337-groundnut-traits/6ca78690a094e3e70b42b42836848698217f77aa/Groundnut_TD.csv	http://purl.obolibrary.org/obo/to/releases/2018-03-09/to.owl
CO_337:0000050	Plant stem weight	skos:exactMatch	TO:0000952	stem weight	1	sssom:HumanCuration	07/03/2023	orcid:0000-0002-6379-8932|orcid:0000-0002-8461-9745	https://raw.githubusercontent.com/Planteome/CO_337-groundnut-traits/6ca78690a094e3e70b42b42836848698217f77aa/Groundnut_TD.csv	http://purl.obolibrary.org/obo/to/releases/2018-03-09/to.owl
CO_337:0000251	Plant seed weight	skos:exactMatch	TO:0000905	seed yield trait	1	sssom:HumanCuration	07/03/2023	orcid:0000-0002-6379-8932|orcid:0000-0002-8461-9745	https://raw.githubusercontent.com/Planteome/CO_337-groundnut-traits/6ca78690a094e3e70b42b42836848698217f77aa/Groundnut_TD.csv	http://purl.obolibrary.org/obo/to/releases/2018-03-09/to.owl
CO_337:0000254	Plant vigour	skos:exactMatch	TO:0000250	plant vigor trait	1	sssom:HumanCuration	07/03/2023	orcid:0000-0002-6379-8932|orcid:0000-0002-8461-9745	https://raw.githubusercontent.com/Planteome/CO_337-groundnut-traits/6ca78690a094e3e70b42b42836848698217f77aa/Groundnut_TD.csv	http://purl.obolibrary.org/obo/to/releases/2018-03-09/to.owl
CO_337:0000027	Pod seed number	skos:exactMatch	TO:0000445	fruit seed number	1	sssom:HumanCuration	07/03/2023	orcid:0000-0002-6379-8932|orcid:0000-0002-8461-9745	https://raw.githubusercontent.com/Planteome/CO_337-groundnut-traits/6ca78690a094e3e70b42b42836848698217f77aa/Groundnut_TD.csv	http://purl.obolibrary.org/obo/to/releases/2018-03-09/to.owl
CO_337:0000028	Pod size	skos:exactMatch	TO:0002626	fruit length	1	sssom:HumanCuration	07/03/2023	orcid:0000-0002-6379-8932|orcid:0000-0002-8461-9745	https://raw.githubusercontent.com/Planteome/CO_337-groundnut-traits/6ca78690a094e3e70b42b42836848698217f77aa/Groundnut_TD.csv	http://purl.obolibrary.org/obo/to/releases/2018-03-09/to.owl
CO_337:0000005	Pod yield	skos:exactMatch	TO:0000871	fruit yield trait	1	sssom:HumanCuration	07/03/2023	orcid:0000-0002-6379-8932|orcid:0000-0002-8461-9745	https://raw.githubusercontent.com/Planteome/CO_337-groundnut-traits/6ca78690a094e3e70b42b42836848698217f77aa/Groundnut_TD.csv	http://purl.obolibrary.org/obo/to/releases/2018-03-09/to.owl
CO_337:0000042	Root biomass	skos:exactMatch	TO:0000078	root dry weight	1	sssom:HumanCuration	07/03/2023	orcid:0000-0002-6379-8932|orcid:0000-0002-8461-9745	https://raw.githubusercontent.com/Planteome/CO_337-groundnut-traits/6ca78690a094e3e70b42b42836848698217f77aa/Groundnut_TD.csv	http://purl.obolibrary.org/obo/to/releases/2018-03-09/to.owl
CO_337:0000045	Root to Shoot Ratio	skos:exactMatch	TO:0000278	root to shoot ratio	1	sssom:HumanCuration	07/03/2023	orcid:0000-0002-6379-8932|orcid:0000-0002-8461-9745	https://raw.githubusercontent.com/Planteome/CO_337-groundnut-traits/6ca78690a094e3e70b42b42836848698217f77aa/Groundnut_TD.csv	http://purl.obolibrary.org/obo/to/releases/2018-03-09/to.owl
CO_337:0000009	Shelling ratio	skos:exactMatch	TO:0000905	seed yield trait	1	sssom:HumanCuration	07/03/2023	orcid:0000-0002-6379-8932|orcid:0000-0002-8461-9745	https://raw.githubusercontent.com/Planteome/CO_337-groundnut-traits/6ca78690a094e3e70b42b42836848698217f77aa/Groundnut_TD.csv	http://purl.obolibrary.org/obo/to/releases/2018-03-09/to.owl
CO_337:0000011	Seed weight	skos:exactMatch	TO:0000181	seed weight	1	sssom:HumanCuration	07/03/2023	orcid:0000-0002-6379-8932|orcid:0000-0002-8461-9745	https://raw.githubusercontent.com/Planteome/CO_337-groundnut-traits/6ca78690a094e3e70b42b42836848698217f77aa/Groundnut_TD.csv	http://purl.obolibrary.org/obo/to/releases/2018-03-09/to.owl
CO_337:0000068	Seed yield	skos:exactMatch	TO:0000905	seed yield trait	1	sssom:HumanCuration	07/03/2023	orcid:0000-0002-6379-8932|orcid:0000-0002-8461-9745	https://raw.githubusercontent.com/Planteome/CO_337-groundnut-traits/6ca78690a094e3e70b42b42836848698217f77aa/Groundnut_TD.csv	http://purl.obolibrary.org/obo/to/releases/2018-03-09/to.owl
CO_337:0000233	Collar rot incidence	skos:exactMatch	TO:0000439	fungal disease resistance	1	sssom:HumanCuration	07/03/2023	orcid:0000-0002-6379-8932|orcid:0000-0002-8461-9745	https://raw.githubusercontent.com/Planteome/CO_337-groundnut-traits/6ca78690a094e3e70b42b42836848698217f77aa/Groundnut_TD.csv	http://purl.obolibrary.org/obo/to/releases/2018-03-09/to.owl
CO_337:0000007	Rosette disease incidence	skos:exactMatch	TO:0000148 	viral disease resistance	1	sssom:HumanCuration	07/03/2023	orcid:0000-0002-6379-8932|orcid:0000-0002-8461-9745	https://raw.githubusercontent.com/Planteome/CO_337-groundnut-traits/6ca78690a094e3e70b42b42836848698217f77aa/Groundnut_TD.csv	http://purl.obolibrary.org/obo/to/releases/2018-03-09/to.owl
CO_337:0000006	General disease severity	skos:exactMatch	TO:0000439	fungal disease resistance	1	sssom:HumanCuration	07/03/2023	orcid:0000-0002-6379-8932|orcid:0000-0002-8461-9745	https://raw.githubusercontent.com/Planteome/CO_337-groundnut-traits/6ca78690a094e3e70b42b42836848698217f77aa/Groundnut_TD.csv	http://purl.obolibrary.org/obo/to/releases/2018-03-09/to.owl
CO_337:0000239	Early leaf spot severity	skos:exactMatch	TO:0002702	cercospora leaf spot resistance	1	sssom:HumanCuration	07/03/2023	orcid:0000-0002-6379-8932|orcid:0000-0002-8461-9745	https://raw.githubusercontent.com/Planteome/CO_337-groundnut-traits/6ca78690a094e3e70b42b42836848698217f77aa/Groundnut_TD.csv	http://purl.obolibrary.org/obo/to/releases/2018-03-09/to.owl
CO_337:0000008	Insect pest damage	skos:exactMatch	TO:0000261	insect damage resistance	1	sssom:HumanCuration	07/03/2023	orcid:0000-0002-6379-8932|orcid:0000-0002-8461-9745	https://raw.githubusercontent.com/Planteome/CO_337-groundnut-traits/6ca78690a094e3e70b42b42836848698217f77aa/Groundnut_TD.csv	http://purl.obolibrary.org/obo/to/releases/2018-03-09/to.owl
CO_337:0000242	Late leaf spot severity	skos:exactMatch	TO:0000439	fungal disease resistance	1	sssom:HumanCuration	07/03/2023	orcid:0000-0002-6379-8932|orcid:0000-0002-8461-9745	https://raw.githubusercontent.com/Planteome/CO_337-groundnut-traits/6ca78690a094e3e70b42b42836848698217f77aa/Groundnut_TD.csv	http://purl.obolibrary.org/obo/to/releases/2018-03-09/to.owl
CO_337:0000257	Rust severity	skos:exactMatch	TO:0000439	fungal disease resistance	1	sssom:HumanCuration	07/03/2023	orcid:0000-0002-6379-8932|orcid:0000-0002-8461-9745	https://raw.githubusercontent.com/Planteome/CO_337-groundnut-traits/6ca78690a094e3e70b42b42836848698217f77aa/Groundnut_TD.csv	http://purl.obolibrary.org/obo/to/releases/2018-03-09/to.owl
CO_337:0000260	Stem rot incidence	skos:exactMatch	TO:0000439	fungal disease resistance	1	sssom:HumanCuration	07/03/2023	orcid:0000-0002-6379-8932|orcid:0000-0002-8461-9745	https://raw.githubusercontent.com/Planteome/CO_337-groundnut-traits/6ca78690a094e3e70b42b42836848698217f77aa/Groundnut_TD.csv	http://purl.obolibrary.org/obo/to/releases/2018-03-09/to.owl
CO_337:0000030	Pod beak	skos:exactMatch	TO:0002628	fruit shape	1	sssom:HumanCuration	07/03/2023	orcid:0000-0002-6379-8932|orcid:0000-0002-8461-9745	https://raw.githubusercontent.com/Planteome/CO_337-groundnut-traits/6ca78690a094e3e70b42b42836848698217f77aa/Groundnut_TD.csv	http://purl.obolibrary.org/obo/to/releases/2018-03-09/to.owl
CO_337:0000016	Branching habit	skos:exactMatch	TO:0002639 	shoot branching	1	sssom:HumanCuration	07/03/2023	orcid:0000-0002-6379-8932|orcid:0000-0002-8461-9745	https://raw.githubusercontent.com/Planteome/CO_337-groundnut-traits/6ca78690a094e3e70b42b42836848698217f77aa/Groundnut_TD.csv	http://purl.obolibrary.org/obo/to/releases/2018-03-09/to.owl
CO_337:0000029	Pod constriction	skos:exactMatch	TO:0002628	fruit shape	1	sssom:HumanCuration	07/03/2023	orcid:0000-0002-6379-8932|orcid:0000-0002-8461-9745	https://raw.githubusercontent.com/Planteome/CO_337-groundnut-traits/6ca78690a094e3e70b42b42836848698217f77aa/Groundnut_TD.csv	http://purl.obolibrary.org/obo/to/releases/2018-03-09/to.owl
CO_337:0000037	Seed ends	skos:exactMatch	TO:0000484	seed shape	1	sssom:HumanCuration	07/03/2023	orcid:0000-0002-6379-8932|orcid:0000-0002-8461-9745	https://raw.githubusercontent.com/Planteome/CO_337-groundnut-traits/6ca78690a094e3e70b42b42836848698217f77aa/Groundnut_TD.csv	http://purl.obolibrary.org/obo/to/releases/2018-03-09/to.owl
CO_337:0000022	Flower standard petal color	skos:exactMatch	TO:0000572	petal color	1	sssom:HumanCuration	07/03/2023	orcid:0000-0002-6379-8932|orcid:0000-0002-8461-9745	https://raw.githubusercontent.com/Planteome/CO_337-groundnut-traits/6ca78690a094e3e70b42b42836848698217f77aa/Groundnut_TD.csv	http://purl.obolibrary.org/obo/to/releases/2018-03-09/to.owl
CO_337:0000024	Flower crescent color	skos:exactMatch	TO:0000572	petal color	1	sssom:HumanCuration	07/03/2023	orcid:0000-0002-6379-8932|orcid:0000-0002-8461-9745	https://raw.githubusercontent.com/Planteome/CO_337-groundnut-traits/6ca78690a094e3e70b42b42836848698217f77aa/Groundnut_TD.csv	http://purl.obolibrary.org/obo/to/releases/2018-03-09/to.owl
CO_337:0000015	Growth habit	skos:exactMatch	TO:0000947 	whole plant growth and development trait	1	sssom:HumanCuration	07/03/2023	orcid:0000-0002-6379-8932|orcid:0000-0002-8461-9745	https://raw.githubusercontent.com/Planteome/CO_337-groundnut-traits/6ca78690a094e3e70b42b42836848698217f77aa/Groundnut_TD.csv	http://purl.obolibrary.org/obo/to/releases/2018-03-09/to.owl
CO_337:0000026	Hairiness on mature leaflet	skos:exactMatch	TO:0001139	leaflet pubescence	1	sssom:HumanCuration	07/03/2023	orcid:0000-0002-6379-8932|orcid:0000-0002-8461-9745	https://raw.githubusercontent.com/Planteome/CO_337-groundnut-traits/6ca78690a094e3e70b42b42836848698217f77aa/Groundnut_TD.csv	http://purl.obolibrary.org/obo/to/releases/2018-03-09/to.owl
CO_337:0000025	Hairiness on mainstem	skos:exactMatch	TO:0000879	 stem hairiness	1	sssom:HumanCuration	07/03/2023	orcid:0000-0002-6379-8932|orcid:0000-0002-8461-9745	https://raw.githubusercontent.com/Planteome/CO_337-groundnut-traits/6ca78690a094e3e70b42b42836848698217f77aa/Groundnut_TD.csv	http://purl.obolibrary.org/obo/to/releases/2018-03-09/to.owl
CO_337:0000020	Leaf color	skos:exactMatch	TO:0000326	leaf color	1	sssom:HumanCuration	07/03/2023	orcid:0000-0002-6379-8932|orcid:0000-0002-8461-9745	https://raw.githubusercontent.com/Planteome/CO_337-groundnut-traits/6ca78690a094e3e70b42b42836848698217f77aa/Groundnut_TD.csv	http://purl.obolibrary.org/obo/to/releases/2018-03-09/to.owl
CO_337:0000019	Leaf size	skos:exactMatch	TO:0002637 	leaf size	1	sssom:HumanCuration	07/03/2023	orcid:0000-0002-6379-8932|orcid:0000-0002-8461-9745	https://raw.githubusercontent.com/Planteome/CO_337-groundnut-traits/6ca78690a094e3e70b42b42836848698217f77aa/Groundnut_TD.csv	http://purl.obolibrary.org/obo/to/releases/2018-03-09/to.owl
CO_337:0000021	Leaf shape	skos:exactMatch	TO:0000492	leaf shape	1	sssom:HumanCuration	07/03/2023	orcid:0000-0002-6379-8932|orcid:0000-0002-8461-9745	https://raw.githubusercontent.com/Planteome/CO_337-groundnut-traits/6ca78690a094e3e70b42b42836848698217f77aa/Groundnut_TD.csv	http://purl.obolibrary.org/obo/to/releases/2018-03-09/to.owl
CO_337:0000023	Marking on standard petal	skos:exactMatch	TO:0000863	petal morphology trait	1	sssom:HumanCuration	07/03/2023	orcid:0000-0002-6379-8932|orcid:0000-0002-8461-9745	https://raw.githubusercontent.com/Planteome/CO_337-groundnut-traits/6ca78690a094e3e70b42b42836848698217f77aa/Groundnut_TD.csv	http://purl.obolibrary.org/obo/to/releases/2018-03-09/to.owl
CO_337:0000018	Peg pigmentation	skos:exactMatch	TO:0000739	shoot axis morphology trait	1	sssom:HumanCuration	07/03/2023	orcid:0000-0002-6379-8932|orcid:0000-0002-8461-9745	https://raw.githubusercontent.com/Planteome/CO_337-groundnut-traits/6ca78690a094e3e70b42b42836848698217f77aa/Groundnut_TD.csv	http://purl.obolibrary.org/obo/to/releases/2018-03-09/to.owl
CO_337:0000032	Pod ridge	skos:exactMatch	TO:0020016	seed texture	1	sssom:HumanCuration	07/03/2023	orcid:0000-0002-6379-8932|orcid:0000-0002-8461-9745	https://raw.githubusercontent.com/Planteome/CO_337-groundnut-traits/6ca78690a094e3e70b42b42836848698217f77aa/Groundnut_TD.csv	http://purl.obolibrary.org/obo/to/releases/2018-03-09/to.owl
CO_337:0000041	Root depth	skos:exactMatch	TO:0000519	rooting depth	1	sssom:HumanCuration	07/03/2023	orcid:0000-0002-6379-8932|orcid:0000-0002-8461-9745	https://raw.githubusercontent.com/Planteome/CO_337-groundnut-traits/6ca78690a094e3e70b42b42836848698217f77aa/Groundnut_TD.csv	http://purl.obolibrary.org/obo/to/releases/2018-03-09/to.owl
CO_337:0000044	Root diameter	skos:exactMatch	TO:0001112	 root width	1	sssom:HumanCuration	07/03/2023	orcid:0000-0002-6379-8932|orcid:0000-0002-8461-9745	https://raw.githubusercontent.com/Planteome/CO_337-groundnut-traits/6ca78690a094e3e70b42b42836848698217f77aa/Groundnut_TD.csv	http://purl.obolibrary.org/obo/to/releases/2018-03-09/to.owl
CO_337:0000031	Pod reticulation	skos:exactMatch	TO:0002623 	pericarp texture	1	sssom:HumanCuration	07/03/2023	orcid:0000-0002-6379-8932|orcid:0000-0002-8461-9745	https://raw.githubusercontent.com/Planteome/CO_337-groundnut-traits/6ca78690a094e3e70b42b42836848698217f77aa/Groundnut_TD.csv	http://purl.obolibrary.org/obo/to/releases/2018-03-09/to.owl
CO_337:0000043	Root length	skos:exactMatch	TO:0000227	root length	1	sssom:HumanCuration	07/03/2023	orcid:0000-0002-6379-8932|orcid:0000-0002-8461-9745	https://raw.githubusercontent.com/Planteome/CO_337-groundnut-traits/6ca78690a094e3e70b42b42836848698217f77aa/Groundnut_TD.csv	http://purl.obolibrary.org/obo/to/releases/2018-03-09/to.owl
CO_337:0000012	Seed appearance and uniformity	skos:exactMatch	TO:0000931	seed quality trait	1	sssom:HumanCuration	07/03/2023	orcid:0000-0002-6379-8932|orcid:0000-0002-8461-9745	https://raw.githubusercontent.com/Planteome/CO_337-groundnut-traits/6ca78690a094e3e70b42b42836848698217f77aa/Groundnut_TD.csv	http://purl.obolibrary.org/obo/to/releases/2018-03-09/to.owl
CO_337:0000034	Seed color	skos:exactMatch	TO:0000190	seed coat color	1	sssom:HumanCuration	07/03/2023	orcid:0000-0002-6379-8932|orcid:0000-0002-8461-9745	https://raw.githubusercontent.com/Planteome/CO_337-groundnut-traits/6ca78690a094e3e70b42b42836848698217f77aa/Groundnut_TD.csv	http://purl.obolibrary.org/obo/to/releases/2018-03-09/to.owl
CO_337:0000036	Seed shape	skos:exactMatch	TO:0000484	seed shape	1	sssom:HumanCuration	07/03/2023	orcid:0000-0002-6379-8932|orcid:0000-0002-8461-9745	https://raw.githubusercontent.com/Planteome/CO_337-groundnut-traits/6ca78690a094e3e70b42b42836848698217f77aa/Groundnut_TD.csv	http://purl.obolibrary.org/obo/to/releases/2018-03-09/to.owl
CO_337:0000035	Seed size	skos:exactMatch	TO:0000391	seed size	1	sssom:HumanCuration	07/03/2023	orcid:0000-0002-6379-8932|orcid:0000-0002-8461-9745	https://raw.githubusercontent.com/Planteome/CO_337-groundnut-traits/6ca78690a094e3e70b42b42836848698217f77aa/Groundnut_TD.csv	http://purl.obolibrary.org/obo/to/releases/2018-03-09/to.owl
CO_337:0000033	Pod shell thickness	skos:exactMatch	TO:0000945	pericarp morphology trait	1	sssom:HumanCuration	07/03/2023	orcid:0000-0002-6379-8932|orcid:0000-0002-8461-9745	https://raw.githubusercontent.com/Planteome/CO_337-groundnut-traits/6ca78690a094e3e70b42b42836848698217f77aa/Groundnut_TD.csv	http://purl.obolibrary.org/obo/to/releases/2018-03-09/to.owl
CO_337:0000017	Stem pigmentation	skos:exactMatch	TO:0000056	stem color	1	sssom:HumanCuration	07/03/2023	orcid:0000-0002-6379-8932|orcid:0000-0002-8461-9745	https://raw.githubusercontent.com/Planteome/CO_337-groundnut-traits/6ca78690a094e3e70b42b42836848698217f77aa/Groundnut_TD.csv	http://purl.obolibrary.org/obo/to/releases/2018-03-09/to.owl
CO_337:0000218	Leaf chlorophyll content	skos:exactMatch	TO:0012002	leaf chlorophyll content	1	sssom:HumanCuration	07/03/2023	orcid:0000-0002-6379-8932|orcid:0000-0002-8461-9745	https://raw.githubusercontent.com/Planteome/CO_337-groundnut-traits/6ca78690a094e3e70b42b42836848698217f77aa/Groundnut_TD.csv	http://purl.obolibrary.org/obo/to/releases/2018-03-09/to.owl
CO_337:0000066	Leaf Carbon isotope discrimination	skos:exactMatch	TO:0002643	carbon isotope discrimination	1	sssom:HumanCuration	07/03/2023	orcid:0000-0002-6379-8932|orcid:0000-0002-8461-9745	https://raw.githubusercontent.com/Planteome/CO_337-groundnut-traits/6ca78690a094e3e70b42b42836848698217f77aa/Groundnut_TD.csv	http://purl.obolibrary.org/obo/to/releases/2018-03-09/to.owl
CO_337:0000048	LA of 2 full leaves	skos:exactMatch	TO:0000540	leaf area trait	1	sssom:HumanCuration	07/03/2023	orcid:0000-0002-6379-8932|orcid:0000-0002-8461-9745	https://raw.githubusercontent.com/Planteome/CO_337-groundnut-traits/6ca78690a094e3e70b42b42836848698217f77aa/Groundnut_TD.csv	http://purl.obolibrary.org/obo/to/releases/2018-03-09/to.owl
CO_337:0000067	Leaf area	skos:exactMatch	TO:0000540	leaf area trait	1	sssom:HumanCuration	07/03/2023	orcid:0000-0002-6379-8932|orcid:0000-0002-8461-9745	https://raw.githubusercontent.com/Planteome/CO_337-groundnut-traits/6ca78690a094e3e70b42b42836848698217f77aa/Groundnut_TD.csv	http://purl.obolibrary.org/obo/to/releases/2018-03-09/to.owl
CO_337:0000047	Leaf weight	skos:exactMatch	TO:0000505 	leaf weight	1	sssom:HumanCuration	07/03/2023	orcid:0000-0002-6379-8932|orcid:0000-0002-8461-9745	https://raw.githubusercontent.com/Planteome/CO_337-groundnut-traits/6ca78690a094e3e70b42b42836848698217f77aa/Groundnut_TD.csv	http://purl.obolibrary.org/obo/to/releases/2018-03-09/to.owl
CO_337:0000049	Specific leaf area	skos:exactMatch	TO:0000562	specific leaf area	1	sssom:HumanCuration	07/03/2023	orcid:0000-0002-6379-8932|orcid:0000-0002-8461-9745	https://raw.githubusercontent.com/Planteome/CO_337-groundnut-traits/6ca78690a094e3e70b42b42836848698217f77aa/Groundnut_TD.csv	http://purl.obolibrary.org/obo/to/releases/2018-03-09/to.owl
CO_337:0000064	SPAD after 7days under stress	skos:exactMatch	TO:0012002	leaf chlorophyll content	1	sssom:HumanCuration	07/03/2023	orcid:0000-0002-6379-8932|orcid:0000-0002-8461-9745	https://raw.githubusercontent.com/Planteome/CO_337-groundnut-traits/6ca78690a094e3e70b42b42836848698217f77aa/Groundnut_TD.csv	http://purl.obolibrary.org/obo/to/releases/2018-03-09/to.owl
CO_337:0000065	SPAD at harvest (10d)	skos:exactMatch	TO:0012002	leaf chlorophyll content	1	sssom:HumanCuration	07/03/2023	orcid:0000-0002-6379-8932|orcid:0000-0002-8461-9745	https://raw.githubusercontent.com/Planteome/CO_337-groundnut-traits/6ca78690a094e3e70b42b42836848698217f77aa/Groundnut_TD.csv	http://purl.obolibrary.org/obo/to/releases/2018-03-09/to.owl
CO_337:0000063	SPAD at the start of stress	skos:exactMatch	TO:0012002	leaf chlorophyll content	1	sssom:HumanCuration	07/03/2023	orcid:0000-0002-6379-8932|orcid:0000-0002-8461-9745	https://raw.githubusercontent.com/Planteome/CO_337-groundnut-traits/6ca78690a094e3e70b42b42836848698217f77aa/Groundnut_TD.csv	http://purl.obolibrary.org/obo/to/releases/2018-03-09/to.owl
CO_337:0000062	Transpiration efficiency	skos:exactMatch	TO:0001017	water use efficiency	1	sssom:HumanCuration	07/03/2023	orcid:0000-0002-6379-8932|orcid:0000-0002-8461-9745	https://raw.githubusercontent.com/Planteome/CO_337-groundnut-traits/6ca78690a094e3e70b42b42836848698217f77aa/Groundnut_TD.csv	http://purl.obolibrary.org/obo/to/releases/2018-03-09/to.owl
CO_337:0000061	Transpiration	skos:exactMatch	TO:0001018	transpiration rate	1	sssom:HumanCuration	07/03/2023	orcid:0000-0002-6379-8932|orcid:0000-0002-8461-9745	https://raw.githubusercontent.com/Planteome/CO_337-groundnut-traits/6ca78690a094e3e70b42b42836848698217f77aa/Groundnut_TD.csv	http://purl.obolibrary.org/obo/to/releases/2018-03-09/to.owl
CO_337:0000057	Leaf Potassium content	skos:exactMatch	TO:0003049	leaf potassium content	1	sssom:HumanCuration	07/03/2023	orcid:0000-0002-6379-8932|orcid:0000-0002-8461-9745	https://raw.githubusercontent.com/Planteome/CO_337-groundnut-traits/6ca78690a094e3e70b42b42836848698217f77aa/Groundnut_TD.csv	http://purl.obolibrary.org/obo/to/releases/2018-03-09/to.owl
CO_337:0000058	Stem Potassium content	skos:exactMatch	TO:0003050	stem potassium content	1	sssom:HumanCuration	07/03/2023	orcid:0000-0002-6379-8932|orcid:0000-0002-8461-9745	https://raw.githubusercontent.com/Planteome/CO_337-groundnut-traits/6ca78690a094e3e70b42b42836848698217f77aa/Groundnut_TD.csv	http://purl.obolibrary.org/obo/to/releases/2018-03-09/to.owl
CO_337:0000055	Leaf Sodium content	skos:exactMatch	TO:0020004 	shoot system sodium content	1	sssom:HumanCuration	07/03/2023	orcid:0000-0002-6379-8932|orcid:0000-0002-8461-9745	https://raw.githubusercontent.com/Planteome/CO_337-groundnut-traits/6ca78690a094e3e70b42b42836848698217f77aa/Groundnut_TD.csv	http://purl.obolibrary.org/obo/to/releases/2018-03-09/to.owl
CO_337:0000056	Stem Sodium content	skos:exactMatch	TO:0020004 	shoot system sodium content	1	sssom:HumanCuration	07/03/2023	orcid:0000-0002-6379-8932|orcid:0000-0002-8461-9745	https://raw.githubusercontent.com/Planteome/CO_337-groundnut-traits/6ca78690a094e3e70b42b42836848698217f77aa/Groundnut_TD.csv	http://purl.obolibrary.org/obo/to/releases/2018-03-09/to.owl
CO_337:0000013	Seed oil content	skos:exactMatch	TO:0000491	fat and essential oil composition related trait	1	sssom:HumanCuration	07/03/2023	orcid:0000-0002-6379-8932|orcid:0000-0002-8461-9745	https://raw.githubusercontent.com/Planteome/CO_337-groundnut-traits/6ca78690a094e3e70b42b42836848698217f77aa/Groundnut_TD.csv	http://purl.obolibrary.org/obo/to/releases/2018-03-09/to.owl
CO_337:0000060	Seed Oleic / Linoleic acid ratio	skos:exactMatch	TO:0005001	linoleic acid content	1	sssom:HumanCuration	07/03/2023	orcid:0000-0002-6379-8932|orcid:0000-0002-8461-9745	https://raw.githubusercontent.com/Planteome/CO_337-groundnut-traits/6ca78690a094e3e70b42b42836848698217f77aa/Groundnut_TD.csv	http://purl.obolibrary.org/obo/to/releases/2018-03-09/to.owl
CO_337:0000014	Seed protein content	skos:exactMatch	TO:0000490	seed protein composition trait	1	sssom:HumanCuration	07/03/2023	orcid:0000-0002-6379-8932|orcid:0000-0002-8461-9745	https://raw.githubusercontent.com/Planteome/CO_337-groundnut-traits/6ca78690a094e3e70b42b42836848698217f77aa/Groundnut_TD.csv	http://purl.obolibrary.org/obo/to/releases/2018-03-09/to.owl
CO_337:0000010	Seed sound mature proportion	skos:exactMatch	TO:0000931	seed quality trait	1	sssom:HumanCuration	07/03/2023	orcid:0000-0002-6379-8932|orcid:0000-0002-8461-9745	https://raw.githubusercontent.com/Planteome/CO_337-groundnut-traits/6ca78690a094e3e70b42b42836848698217f77aa/Groundnut_TD.csv	http://purl.obolibrary.org/obo/to/releases/2018-03-09/to.owl